"name.x","day","height","mean","std","n","se","name.y","class"
"3e 3 3 oxo 1 3 dihydro 2h indol 2 ylidene 1 3 dihydro 2h indol 2 one","01","bottom",1531764.20633195,812366.652358489,8,287214.984346251,NA,"unknown"
"3e 3 3 oxo 1 3 dihydro 2h indol 2 ylidene 1 3 dihydro 2h indol 2 one","01","middle",535123.187037941,345296.908677282,8,122080.892824229,NA,"unknown"
"3e 3 3 oxo 1 3 dihydro 2h indol 2 ylidene 1 3 dihydro 2h indol 2 one","01","top",565916.150049801,233208.559201031,6,95206.9956153613,NA,"unknown"
"3e 3 3 oxo 1 3 dihydro 2h indol 2 ylidene 1 3 dihydro 2h indol 2 one","04","bottom",770471.847257835,19574.5052848247,2,13841.2654252715,NA,"unknown"
"3e 3 3 oxo 1 3 dihydro 2h indol 2 ylidene 1 3 dihydro 2h indol 2 one","08","bottom",400181.216135363,255691.452756576,4,127845.726378288,NA,"unknown"
"3e 3 3 oxo 1 3 dihydro 2h indol 2 ylidene 1 3 dihydro 2h indol 2 one","15","bottom",731796.76788404,128689.853940398,2,90997.4683911615,NA,"unknown"
"3e 3 3 oxo 1 3 dihydro 2h indol 2 ylidene 1 3 dihydro 2h indol 2 one","18","bottom",565111.072565123,97818.1368572072,2,69167.867894765,NA,"unknown"
"3e 3 3 oxo 1 3 dihydro 2h indol 2 ylidene 1 3 dihydro 2h indol 2 one","25","bottom",646976.680926372,92227.4720403257,2,65214.670891407,NA,"unknown"
"3e 3 3 oxo 1 3 dihydro 2h indol 2 ylidene 1 3 dihydro 2h indol 2 one","29","bottom",628483.677342906,49505.4391103016,2,35005.631700512,NA,"unknown"
"3e 3 3 oxo 1 3 dihydro 2h indol 2 ylidene 1 3 dihydro 2h indol 2 one","29","middle",602974.799170485,90393.3362868573,4,45196.6681434286,NA,"unknown"
"3e 3 3 oxo 1 3 dihydro 2h indol 2 ylidene 1 3 dihydro 2h indol 2 one","29","top",559479.165784949,20867.7616036717,2,14755.7357381405,NA,"unknown"
"1 deoxymannojirimycin","01","top",181922.933655581,35219.1771599719,2,24903.7189976265,NA,"unknown"
"1 deoxymannojirimycin","04","bottom",156837.747509493,27617.0548431639,2,19528.206756002,NA,"unknown"
"1 deoxymannojirimycin","11","bottom",254278.92481409,63166.2433770593,2,44665.2790339985,NA,"unknown"
"1 deoxymannojirimycin","22","bottom",1009715.15876654,37676.125907515,2,26641.044118042,NA,"unknown"
"1 deoxymannojirimycin","29","bottom",295569.632559542,16848.5685976012,2,11913.7371086505,NA,"unknown"
"1 deoxymannojirimycin","29","middle",1059180.73181984,227894.574507447,2,161145.799029839,NA,"unknown"
"1 deoxymannojirimycin","29","top",308686.568986128,41428.1949667658,2,29294.1575933185,NA,"unknown"
"2 4 6 2 4 diamino 6 oxo 1 3 diazinan 5 yl 1 1 1 trifluoro 2 2 dihydroxyhexan 3 yl phenyl formamido pentanedioic acid","18","bottom",128054.630504945,1713.78393280859,2,1211.8282403775,NA,"unknown"
"2 4 6 2 4 diamino 6 oxo 1 3 diazinan 5 yl 1 1 1 trifluoro 2 2 dihydroxyhexan 3 yl phenyl formamido pentanedioic acid","22","bottom",240296.121337468,22065.9249151574,2,15602.965140661,NA,"unknown"
"2 4 6 2 4 diamino 6 oxo 1 3 diazinan 5 yl 1 1 1 trifluoro 2 2 dihydroxyhexan 3 yl phenyl formamido pentanedioic acid","29","bottom",367023.1404861,22419.4659070625,2,15852.9563734645,NA,"unknown"
"2 4 6 2 4 diamino 6 oxo 1 3 diazinan 5 yl 1 1 1 trifluoro 2 2 dihydroxyhexan 3 yl phenyl formamido pentanedioic acid","29","middle",830997.050126764,10914.958834628,2,7718.04140833748,NA,"unknown"
"2 4 6 2 4 diamino 6 oxo 1 3 diazinan 5 yl 1 1 1 trifluoro 2 2 dihydroxyhexan 3 yl phenyl formamido pentanedioic acid","29","top",936928.504626887,44407.6683000577,4,22203.8341500288,NA,"unknown"
"3 4 methoxy 2 methylphenyl 2 5 dimethyl n 1 3 methyl 1 2 4 oxadiazol 5 yl propyl pyrazolo 1 5 a pyrimidin 7 amine","01","middle",2266001.76594308,118725.05965815,2,83951.2947810551,NA,"unknown"
"3 4 methoxy 2 methylphenyl 2 5 dimethyl n 1 3 methyl 1 2 4 oxadiazol 5 yl propyl pyrazolo 1 5 a pyrimidin 7 amine","04","bottom",2277812.29858737,207506.995279805,2,146729.603505995,NA,"unknown"
"3 4 methoxy 2 methylphenyl 2 5 dimethyl n 1 3 methyl 1 2 4 oxadiazol 5 yl propyl pyrazolo 1 5 a pyrimidin 7 amine","15","bottom",3286547.25818171,17889.8016314352,2,12650.00004767,NA,"unknown"
"3 4 methoxy 2 methylphenyl 2 5 dimethyl n 1 3 methyl 1 2 4 oxadiazol 5 yl propyl pyrazolo 1 5 a pyrimidin 7 amine","29","bottom",2280837.21091615,192001.749840386,2,135765.73931182,NA,"unknown"
"4 methoxy 4 oxobutan 2 yl 3 3 hydroxybutanoyl oxy butanoate","04","bottom",182058.621246565,7200.21157118323,2,5091.31842796151,NA,"unknown"
"4 methoxy 4 oxobutan 2 yl 3 3 hydroxybutanoyl oxy butanoate","11","bottom",138665.540141731,12640.7226046859,2,8938.34067287149,NA,"unknown"
"5 hydroxy 4 2r 6 hydroxy 5 3e 4 methyl 6 2 6 6 trimethyl 1 cyclohexen 1 yl 3 hexen 1 yl 5 6 dihydro 2h pyran 2 yl 2 5h furanone","18","bottom",459606.028156281,101159.650973474,2,71530.6751858075,NA,"unknown"
"5 hydroxy 4 2r 6 hydroxy 5 3e 4 methyl 6 2 6 6 trimethyl 1 cyclohexen 1 yl 3 hexen 1 yl 5 6 dihydro 2h pyran 2 yl 2 5h furanone","29","bottom",316280.057078659,31920.0234147612,2,22570.865012211,NA,"unknown"
"6 7 dimethoxy 4 3 naphthalen 2 yloxy pyrrolidin 1 yl quinazoline","11","bottom",246041.49033658,18316.0820441215,2,12951.4258181675,NA,"unknown"
"6 7 dimethoxy 4 3 naphthalen 2 yloxy pyrrolidin 1 yl quinazoline","29","middle",879186.81141122,96143.1899292205,2,67983.501563858,NA,"unknown"
"8 hydroxyquinoline","01","bottom",14906429.4731314,22788345.838651,14,6090441.6099677,NA,"unknown"
"8 hydroxyquinoline","01","middle",18971732.2388452,31754765.1677571,14,8486817.97537217,NA,"unknown"
"8 hydroxyquinoline","01","top",14486175.0042206,24227663.9306743,16,6056915.98266857,NA,"unknown"
"8 hydroxyquinoline","04","bottom",9604420.57902455,15201181.8467317,8,5374429.38293692,NA,"unknown"
"8 hydroxyquinoline","08","bottom",9259493.12386525,13479659.9728224,6,5503048.13993889,NA,"unknown"
"8 hydroxyquinoline","11","bottom",12245910.4996746,18207643.2267678,6,7433239.22070389,NA,"unknown"
"8 hydroxyquinoline","15","bottom",13717496.0051955,15024287.8380706,4,7512143.91903531,NA,"unknown"
"8 hydroxyquinoline","18","bottom",11846599.3272915,17431781.253213,6,7116494.89636423,NA,"unknown"
"8 hydroxyquinoline","22","bottom",7766676.42187101,8643182.50113673,4,4321591.25056836,NA,"unknown"
"8 hydroxyquinoline","25","bottom",22561999.5435986,33966429.9448033,6,13866736.9581265,NA,"unknown"
"8 hydroxyquinoline","29","bottom",12705276.7093957,18263820.8821155,12,5272310.95136024,NA,"unknown"
"8 hydroxyquinoline","29","middle",9314254.73567097,14983284.47652,16,3745821.11913,NA,"unknown"
"8 hydroxyquinoline","29","top",8598980.80459226,16924566.1185548,22,3608329.62048378,NA,"unknown"
"acetomycin","04","bottom",1567030.9755187,44742.0997993279,2,31637.44217263,"acetomycin","other"
"acetomycin","29","top",1204405.29736067,1727.48825182425,2,1221.51865728502,"acetomycin","other"
"acetyl sulfamethoxypyrazine","01","bottom",225947.789708876,61431.4578010261,4,30715.7289005131,"sulf","sulfonamide_trimethoprim"
"acetyl sulfamethoxypyrazine","01","middle",251941.832048975,31536.9970282114,4,15768.4985141057,"sulf","sulfonamide_trimethoprim"
"acetyl sulfamethoxypyrazine","01","top",375189.845145237,66330.1828012928,4,33165.0914006464,"sulf","sulfonamide_trimethoprim"
"acetyl sulfamethoxypyrazine","04","bottom",218439.115651328,11784.9374854879,2,8333.209211848,"sulf","sulfonamide_trimethoprim"
"acetyl sulfamethoxypyrazine","08","bottom",297608.050354443,22846.1660045686,2,16154.678905944,"sulf","sulfonamide_trimethoprim"
"acetyl sulfamethoxypyrazine","15","bottom",161938.379383111,9151.53209037293,2,6471.110399349,"sulf","sulfonamide_trimethoprim"
"acetyl sulfamethoxypyrazine","22","bottom",138284.422800061,11463.0837835808,2,8105.6242766795,"sulf","sulfonamide_trimethoprim"
"acetyl sulfamethoxypyrazine","29","bottom",436396.948790696,46997.9402142258,2,33232.562227279,"sulf","sulfonamide_trimethoprim"
"acetyl sulfamethoxypyrazine","29","middle",462708.64470348,230157.200189866,4,115078.600094933,"sulf","sulfonamide_trimethoprim"
"acetyl sulfamethoxypyrazine","29","top",457670.939357184,347344.251803863,4,173672.125901931,"sulf","sulfonamide_trimethoprim"
"acycloguanosine aciclovir","29","bottom",731493.942443996,63819.7374923747,2,45127.3691544035,NA,"unknown"
"agroclavine","29","middle",187252.08271878,10080.2141238794,2,7127.78776280751,NA,"unknown"
"alafosfalin","01","bottom",798410.473022528,17128.6976837734,2,12111.8182850905,NA,"unknown"
"alafosfalin","01","middle",627860.041718428,12707.5475412332,2,8985.59303865646,NA,"unknown"
"alafosfalin","01","top",815865.936308138,72933.1033834391,4,36466.5516917196,NA,"unknown"
"alafosfalin","08","bottom",400091.010088391,17101.4834989134,2,12092.5749504315,NA,"unknown"
"alafosfalin","11","bottom",619996.587015992,30514.875171347,2,21577.2751607205,NA,"unknown"
"alafosfalin","15","bottom",422183.558293534,23232.2670773752,2,16427.693592749,NA,"unknown"
"alafosfalin","18","bottom",472471.771092922,13652.7265888433,2,9653.935552657,NA,"unknown"
"alafosfalin","29","bottom",492809.948777058,13624.3071530372,2,9633.83997688099,NA,"unknown"
"alafosfalin","29","top",437050.643262205,15569.253546694,2,11009.12476088,NA,"unknown"
"amastatin","29","middle",7481146.87226642,676311.59631985,2,478224.515952865,NA,"unknown"
"amicycline","29","top",164155.106125062,32845.357235953,2,23225.174832037,"amicycline","tetracycline"
"anisomycin","29","middle",160880.664777626,39096.5233417959,2,27645.416775802,NA,"unknown"
"anisomycin","29","top",156904.676580839,17429.1672724429,2,12324.282368779,NA,"unknown"
"aphidicolin","08","bottom",1680681.58698156,1057.70262687916,2,747.908699945081,NA,"unknown"
"arbekacin","01","bottom",200492.654758088,14981.1708221701,2,10593.2874784705,"arbekacin","aminoglycoside"
"arbekacin","08","bottom",250242.467396016,5820.3998702704,2,4115.6442174855,"arbekacin","aminoglycoside"
"arbekacin","11","bottom",154305.56026709,6691.76506132908,2,4731.79245297301,"arbekacin","aminoglycoside"
"arbekacin","18","bottom",152436.550323987,8695.99874438736,2,6148.999681346,"arbekacin","aminoglycoside"
"arbekacin","29","bottom",253124.007685601,5909.05194673374,2,4178.330701919,"arbekacin","aminoglycoside"
"astromicin","25","bottom",129316.925278806,3906.24928081732,2,2762.135355471,NA,"unknown"
"astromicin","29","bottom",146172.168934858,24845.1366428293,2,17568.164599651,NA,"unknown"
"astromicin","29","top",234054.386654036,96026.5115281697,2,67900.997475257,NA,"unknown"
"aurantiogliocladin","01","middle",737797.040850115,535012.671050433,4,267506.335525217,NA,"unknown"
"aurantiogliocladin","04","bottom",231672.732491535,28121.4781957978,4,14060.7390978989,NA,"unknown"
"aurantiogliocladin","08","bottom",760285.838322748,169562.722340775,4,84781.3611703877,NA,"unknown"
"aurantiogliocladin","15","bottom",339800.202814766,26982.2508455071,2,19079.3325445345,NA,"unknown"
"aurantiogliocladin","25","bottom",728437.717986697,304012.209897978,6,124112.464970991,NA,"unknown"
"aurantiogliocladin","29","bottom",1206843.33514326,677292.13984842,6,276503.358237729,NA,"unknown"
"aurantiogliocladin","29","middle",954890.868886394,506023.679146538,10,160018.737608131,NA,"unknown"
"aurantiogliocladin","29","top",1088251.25932497,639890.879753905,6,261234.357742949,NA,"unknown"
"bacimethrin","04","bottom",199329.062329528,30530.9265353142,2,21588.625189029,NA,"unknown"
"bacimethrin","29","top",225269.190199665,25188.6830915635,2,17811.0886232035,NA,"unknown"
"bestatin ubenimex","01","bottom",298350.628316804,34483.2197568421,2,24383.318527209,NA,"unknown"
"bestatin ubenimex","01","top",196580.489250359,25566.0993927128,2,18077.9622490765,NA,"unknown"
"bestatin ubenimex","04","bottom",342096.690149821,67508.7819690403,2,47735.9175199525,NA,"unknown"
"bestatin ubenimex","15","bottom",303667.372978549,10820.1832482194,2,7651.02494849701,NA,"unknown"
"bestatin ubenimex","18","bottom",246720.237464827,34678.4029623247,2,24521.3338953795,NA,"unknown"
"bestatin ubenimex","29","bottom",303764.936074089,11339.680809696,2,8018.36519702701,NA,"unknown"
"bestatin ubenimex","29","middle",120217.682081518,25039.3473240005,2,17705.492289286,NA,"unknown"
"biapenem","29","top",304011.479355027,28560.7310987399,2,20195.4866355645,"penem","beta-lactam"
"brefeldin a","01","middle",1283579.10449534,447080.162000065,6,182519.711836834,NA,"unknown"
"brefeldin a","25","bottom",602152.372472195,301936.68226155,4,150968.341130775,NA,"unknown"
"brefeldin a","29","bottom",391614.795775421,35219.8181161918,2,24904.172222116,NA,"unknown"
"caerulomycin a","01","bottom",699351.380178051,311210.817682576,6,127051.284292773,NA,"unknown"
"caerulomycin a","01","middle",975078.53435107,884530.366134428,8,312728.710029537,NA,"unknown"
"caerulomycin a","01","top",1270356.6528923,1081245.00855782,8,382277.838837671,NA,"unknown"
"caerulomycin a","04","bottom",367305.808383794,130810.485568729,4,65405.2427843644,NA,"unknown"
"caerulomycin a","08","bottom",229706.977521557,63267.6399325645,4,31633.8199662822,NA,"unknown"
"caerulomycin a","11","bottom",423881.332039258,87092.8977834532,4,43546.4488917266,NA,"unknown"
"caerulomycin a","15","bottom",326463.211993353,41228.405113233,4,20614.2025566165,NA,"unknown"
"caerulomycin a","18","bottom",304849.298085841,46613.9263300712,4,23306.9631650356,NA,"unknown"
"caerulomycin a","22","bottom",113524.149854326,9305.37042490419,2,6579.8905289025,NA,"unknown"
"caerulomycin a","25","bottom",801038.869645593,23616.6840147144,2,16699.5174159445,NA,"unknown"
"caerulomycin a","29","bottom",513428.232460189,428731.909757102,8,151579.620350153,NA,"unknown"
"caerulomycin a","29","middle",507299.550132403,670410.686568717,10,212002.47372744,NA,"unknown"
"cefalexin","29","bottom",295374.789996249,2596.39865145085,2,1835.9310931045,"cef","beta-lactam"
"cefaparole","01","top",450247.446656522,9403.4959817127,2,6649.2757755295,"cef","beta-lactam"
"cefrotil","01","middle",336996.31364642,18517.8169681929,2,13094.0739509805,"cef","beta-lactam"
"cefrotil","01","top",153822.802869431,21234.9133963632,2,15015.3512604775,"cef","beta-lactam"
"cefrotil","29","bottom",130077.005862402,4773.0552253721,2,3375.0597168385,"cef","beta-lactam"
"cefrotil","29","middle",190200.535980987,26745.7688401289,2,18912.114514903,"cef","beta-lactam"
"cephalothin","29","bottom",161650.252220741,14090.2925287779,2,9963.34139600099,"ceph","beta-lactam"
"cephalothin","29","top",227218.870619269,25870.3114438807,2,18293.072653376,"ceph","beta-lactam"
"chloramphenicol","01","bottom",8355255.49949497,361674.522876584,4,180837.261438292,"chloramphenicol","phenicol"
"chloramphenicol","01","bottom",8355255.49949497,361674.522876584,4,180837.261438292,"phenicol","phenicol"
"chloramphenicol","01","middle",32542936.056401,349038.607533292,2,246807.566282701,"chloramphenicol","phenicol"
"chloramphenicol","01","middle",32542936.056401,349038.607533292,2,246807.566282701,"phenicol","phenicol"
"chloramphenicol","01","top",33467089.3671164,29910106.6754446,4,14955053.3377223,"chloramphenicol","phenicol"
"chloramphenicol","01","top",33467089.3671164,29910106.6754446,4,14955053.3377223,"phenicol","phenicol"
"chloramphenicol","04","bottom",40297695.688696,60893.6436037974,2,43058.308323402,"chloramphenicol","phenicol"
"chloramphenicol","04","bottom",40297695.688696,60893.6436037974,2,43058.308323402,"phenicol","phenicol"
"chloramphenicol","08","bottom",88813582.1671723,5555740.79905576,2,3928501.9935271,"chloramphenicol","phenicol"
"chloramphenicol","08","bottom",88813582.1671723,5555740.79905576,2,3928501.9935271,"phenicol","phenicol"
"chloramphenicol","11","bottom",39812155.4281154,2043430.97190798,2,1444923.89712275,"chloramphenicol","phenicol"
"chloramphenicol","11","bottom",39812155.4281154,2043430.97190798,2,1444923.89712275,"phenicol","phenicol"
"chloramphenicol","15","bottom",84738383.263923,3863402.40517696,2,2731838.03915305,"chloramphenicol","phenicol"
"chloramphenicol","15","bottom",84738383.263923,3863402.40517696,2,2731838.03915305,"phenicol","phenicol"
"chloramphenicol","18","bottom",101341247.290067,749082.782808531,2,529681.515394002,"chloramphenicol","phenicol"
"chloramphenicol","18","bottom",101341247.290067,749082.782808531,2,529681.515394002,"phenicol","phenicol"
"chloramphenicol","22","bottom",2460598.15362618,157991.157175626,2,111716.618606395,"chloramphenicol","phenicol"
"chloramphenicol","22","bottom",2460598.15362618,157991.157175626,2,111716.618606395,"phenicol","phenicol"
"chloramphenicol","29","bottom",1957068.48766153,53688.3097827478,2,37963.367917825,"chloramphenicol","phenicol"
"chloramphenicol","29","bottom",1957068.48766153,53688.3097827478,2,37963.367917825,"phenicol","phenicol"
"chloramphenicol","29","middle",25051463.4878647,19899107.6757773,4,9949553.83788867,"chloramphenicol","phenicol"
"chloramphenicol","29","middle",25051463.4878647,19899107.6757773,4,9949553.83788867,"phenicol","phenicol"
"chloramphenicol","29","top",31382414.7693121,31108712.1091581,4,15554356.054579,"chloramphenicol","phenicol"
"chloramphenicol","29","top",31382414.7693121,31108712.1091581,4,15554356.054579,"phenicol","phenicol"
"chlorhexidine","29","top",7323666.89269516,825464.653925411,2,583691.654420465,"chlorhexidine","aminoglycoside"
"ciclacillin","01","bottom",1012847.24486656,934409.544824662,8,330363.662775477,"cillin","beta-lactam"
"ciclacillin","01","middle",1165210.74491386,845770.071295238,6,345284.18573178,"cillin","beta-lactam"
"ciclacillin","01","top",1099838.73724875,1035308.28238784,8,366036.753547519,"cillin","beta-lactam"
"ciclacillin","04","bottom",1065881.077255,1073316.85354687,4,536658.426773434,"cillin","beta-lactam"
"ciclacillin","08","bottom",844957.954954499,796775.749404875,4,398387.874702437,"cillin","beta-lactam"
"ciclacillin","11","bottom",862376.883447427,812262.042946833,4,406131.021473417,"cillin","beta-lactam"
"ciclacillin","15","bottom",972505.725634816,916399.551637873,4,458199.775818937,"cillin","beta-lactam"
"ciclacillin","18","bottom",850619.57381315,818687.528068507,4,409343.764034254,"cillin","beta-lactam"
"ciclacillin","22","bottom",390792.942224634,11644.8832550387,2,8234.17591576351,"cillin","beta-lactam"
"ciclacillin","25","bottom",1616107.22007384,18919.4474902097,2,13378.0696166301,"cillin","beta-lactam"
"ciclacillin","29","bottom",1018213.47007989,692910.541069404,6,282879.543835974,"cillin","beta-lactam"
"ciclacillin","29","middle",890105.17088178,786718.046476366,8,278146.832772636,"cillin","beta-lactam"
"ciclacillin","29","top",720770.696849065,595398.873359829,8,210505.290431783,"cillin","beta-lactam"
"ciprofloxacin","01","bottom",914848.355496773,58495.3734294663,2,41362.475220015,"floxacin","quinolone"
"ciprofloxacin","01","bottom",914848.355496773,58495.3734294663,2,41362.475220015,"ofloxacin","quinolone"
"ciprofloxacin","01","middle",644779.453417424,80007.9456591949,2,56574.1609244215,"floxacin","quinolone"
"ciprofloxacin","01","middle",644779.453417424,80007.9456591949,2,56574.1609244215,"ofloxacin","quinolone"
"ciprofloxacin","01","top",917256.338137559,NA,1,NA,"floxacin","quinolone"
"ciprofloxacin","01","top",917256.338137559,NA,1,NA,"ofloxacin","quinolone"
"ciprofloxacin","11","bottom",839280.790444713,91479.4422976863,2,64685.7339878575,"floxacin","quinolone"
"ciprofloxacin","11","bottom",839280.790444713,91479.4422976863,2,64685.7339878575,"ofloxacin","quinolone"
"ciprofloxacin","18","bottom",759946.138972444,NA,1,NA,"floxacin","quinolone"
"ciprofloxacin","18","bottom",759946.138972444,NA,1,NA,"ofloxacin","quinolone"
"ciprofloxacin","29","bottom",474453.867393359,NA,1,NA,"floxacin","quinolone"
"ciprofloxacin","29","bottom",474453.867393359,NA,1,NA,"ofloxacin","quinolone"
"ciprofloxacin","29","middle",773293.171434866,98369.6964513799,2,69557.879424033,"floxacin","quinolone"
"ciprofloxacin","29","middle",773293.171434866,98369.6964513799,2,69557.879424033,"ofloxacin","quinolone"
"ciprofloxacin","29","top",918606.590224723,74980.4345522308,2,53019.1737281965,"floxacin","quinolone"
"ciprofloxacin","29","top",918606.590224723,74980.4345522308,2,53019.1737281965,"ofloxacin","quinolone"
"clarithromycin","01","bottom",1112497.58298019,6524.46747198272,2,4613.49519307003,"clarithromycin","macrolide_lincosamide"
"clofoctol","04","bottom",206365.873633251,34586.7368549269,2,24456.5161692335,NA,"unknown"
"cloranolol","01","bottom",224799.733957322,34037.7862040789,4,17018.8931020395,NA,"unknown"
"cloranolol","01","middle",236813.092188764,381.517637047417,2,269.773708298497,NA,"unknown"
"cloranolol","01","top",211560.943614211,43476.8554462971,4,21738.4277231486,NA,"unknown"
"cloranolol","04","bottom",184281.614731058,10052.3569438146,2,7108.08976187899,NA,"unknown"
"cloranolol","08","bottom",126237.896250828,24010.9097307678,2,16978.277093084,NA,"unknown"
"cloranolol","11","bottom",133749.485882623,9029.54116894767,2,6384.849791566,NA,"unknown"
"cloranolol","15","bottom",175866.99439185,8485.37924093544,2,6000.06920220501,NA,"unknown"
"cloranolol","18","bottom",108998.552106991,6551.03558795658,2,4632.2816880385,NA,"unknown"
"cloxacillin","01","bottom",718886.227217885,90648.28535712,4,45324.14267856,"cillin","beta-lactam"
"cloxacillin","01","middle",696081.006562613,66339.6804028066,4,33169.8402014033,"cillin","beta-lactam"
"cloxacillin","01","top",725994.672597252,100768.24928069,4,50384.124640345,"cillin","beta-lactam"
"cloxacillin","04","bottom",822351.919499504,133226.941470006,2,94205.6737501845,"cillin","beta-lactam"
"cloxacillin","08","bottom",612230.326685716,5937.86225987318,2,4198.702669708,"cillin","beta-lactam"
"cloxacillin","11","bottom",648435.046614859,111228.434227935,2,78650.3801033345,"cillin","beta-lactam"
"cloxacillin","15","bottom",723092.641938948,25665.8827727465,2,18148.519753748,"cillin","beta-lactam"
"cloxacillin","18","bottom",579669.470088322,95315.7619434512,2,67398.421624177,"cillin","beta-lactam"
"cloxacillin","22","bottom",171026.908066855,33465.7859230882,2,23663.884163953,"cillin","beta-lactam"
"cloxacillin","25","bottom",584411.078972604,5961.69918918561,2,4215.55792406749,"cillin","beta-lactam"
"cloxacillin","29","bottom",576430.163018037,71126.5511374357,4,35563.2755687179,"cillin","beta-lactam"
"cloxacillin","29","middle",417604.833002438,43456.4613210298,4,21728.2306605149,"cillin","beta-lactam"
"cloxacillin","29","top",539803.146823046,93396.4323493931,4,46698.2161746966,"cillin","beta-lactam"
"cordycepin","01","bottom",3157318.26623644,539466.947943339,4,269733.47397167,NA,"unknown"
"cordycepin","01","middle",2358002.90614476,1560161.3033367,6,636933.184935079,NA,"unknown"
"cordycepin","01","top",3338538.80336108,7647.70093837264,2,5407.74119401001,NA,"unknown"
"cordycepin","04","bottom",1774848.06728407,1302064.87989561,4,651032.439947806,NA,"unknown"
"cordycepin","08","bottom",2727293.21350637,245253.010383807,2,173420.066748805,NA,"unknown"
"cordycepin","15","bottom",3336347.43580654,687761.6067281,2,486320.895957195,NA,"unknown"
"cordycepin","18","bottom",340857.080953344,61968.7133234024,2,43818.497412383,NA,"unknown"
"cordycepin","29","middle",564166.09805472,47895.9083794384,2,33867.5216061905,NA,"unknown"
"cordycepin","29","top",404840.710317751,88852.0551685854,2,62827.890732068,NA,"unknown"
"cryptotanshinone","01","bottom",8041546.60957775,2286981.91244271,4,1143490.95622136,NA,"unknown"
"cryptotanshinone","01","middle",6644538.6687836,2602300.25674746,4,1301150.12837373,NA,"unknown"
"cryptotanshinone","01","top",10747670.4751903,2699832.58728327,4,1349916.29364164,NA,"unknown"
"cryptotanshinone","04","bottom",2481446.79971439,815340.84040766,2,576533.037230595,NA,"unknown"
"cryptotanshinone","08","bottom",11921060.9987116,1609947.54469639,2,1138404.82620945,NA,"unknown"
"cryptotanshinone","11","bottom",8922592.41510152,964626.479055772,2,682093.92465244,NA,"unknown"
"cryptotanshinone","15","bottom",7103144.28781115,1473467.85376733,2,1041899.11125927,NA,"unknown"
"cryptotanshinone","18","bottom",6409528.40631098,781370.785650565,2,552512.581154575,NA,"unknown"
"cryptotanshinone","22","bottom",5089695.41954824,1129931.82719537,2,798982.45728835,NA,"unknown"
"cryptotanshinone","25","bottom",6610594.8131742,4575.60302700101,2,3235.43992841011,NA,"unknown"
"cryptotanshinone","29","bottom",7676347.96855538,2624304.50991692,4,1312152.25495846,NA,"unknown"
"cryptotanshinone","29","middle",10664749.7128479,3141083.14125785,4,1570541.57062892,NA,"unknown"
"cryptotanshinone","29","top",5600420.41190265,4732881.53223395,4,2366440.76611697,NA,"unknown"
"cycloheximide","29","top",236178.58739062,30639.0133149068,2,21665.0540838355,NA,"unknown"
"dacarbazine","01","bottom",13621908.0484255,1588461.38859757,4,794230.694298784,NA,"unknown"
"dacarbazine","01","middle",11985027.1730863,3188148.66911599,4,1594074.33455799,NA,"unknown"
"dacarbazine","01","top",11295403.8786196,1083940.47579222,4,541970.237896109,NA,"unknown"
"dacarbazine","04","bottom",18205100.1176198,1397229.98630061,2,987990.79819035,NA,"unknown"
"dacarbazine","08","bottom",20603870.4768135,2072863.53232987,2,1465735.86018475,NA,"unknown"
"dacarbazine","11","bottom",13795006.2823288,16942.4937709499,2,11980.1522356495,NA,"unknown"
"dacarbazine","15","bottom",17042696.1015041,405970.071760304,2,287064.1907005,NA,"unknown"
"dacarbazine","18","bottom",9696076.29449217,583742.645330578,2,412768.382981026,NA,"unknown"
"dacarbazine","22","bottom",3064692.61188676,154566.124334991,2,109294.754658995,NA,"unknown"
"dacarbazine","25","bottom",9544785.20271642,172834.922293792,2,122212.74557979,NA,"unknown"
"dacarbazine","29","bottom",10286790.8345209,2594329.71003456,4,1297164.85501728,NA,"unknown"
"dacarbazine","29","middle",14436111.1146569,3496960.14047512,4,1748480.07023756,NA,"unknown"
"dacarbazine","29","top",11550226.1039317,666057.354741994,4,333028.677370997,NA,"unknown"
"daidzin","01","bottom",23515838.0988596,6649796.24556403,4,3324898.12278202,NA,"unknown"
"daidzin","01","middle",74627555.1503547,35498645.4590318,4,17749322.7295159,NA,"unknown"
"daidzin","01","top",38687473.4716827,2131435.16634436,4,1065717.58317218,NA,"unknown"
"daidzin","04","bottom",26056395.7306225,337126.437490505,2,238384.390066799,NA,"unknown"
"daidzin","08","bottom",22289121.9577737,1800131.95132927,2,1272885.5098155,NA,"unknown"
"daidzin","11","bottom",39523546.8898422,1324143.97329508,2,936311.182784252,NA,"unknown"
"daidzin","15","bottom",23489416.3023741,833620.848202612,2,589458.954702549,NA,"unknown"
"daidzin","18","bottom",19118456.7998407,1743988.1430573,2,1233185.84226475,NA,"unknown"
"daidzin","22","bottom",17315694.2934482,1296407.29466553,2,916698.3892377,NA,"unknown"
"daidzin","25","bottom",120470294.116421,7428958.96114259,2,5253067.2585805,NA,"unknown"
"daidzin","29","bottom",270341732.891131,225001448.483941,4,112500724.241971,NA,"unknown"
"daidzin","29","middle",28539581.5651641,22347701.1659794,6,9123410.79680836,NA,"unknown"
"daidzin","29","top",32831257.553558,19491613.391344,4,9745806.69567202,NA,"unknown"
"erythromycin","01","bottom",1394674.78277804,203765.748296295,4,101882.874148148,"erythromycin","macrolide_lincosamide"
"erythromycin","01","middle",1387835.5567678,38108.5037548961,2,26946.78142596,"erythromycin","macrolide_lincosamide"
"erythromycin","01","top",1238980.42665172,391503.017588742,6,159830.437642048,"erythromycin","macrolide_lincosamide"
"erythromycin","04","bottom",1412343.54388733,137070.258490704,2,96923.30927777,"erythromycin","macrolide_lincosamide"
"erythromycin","08","bottom",2495421.39488778,365593.686520939,2,258513.774897945,"erythromycin","macrolide_lincosamide"
"erythromycin","11","bottom",1320660.27246118,215008.181700899,2,152033.743291295,"erythromycin","macrolide_lincosamide"
"erythromycin","15","bottom",1764520.66709574,146788.394301082,2,103795.06900978,"erythromycin","macrolide_lincosamide"
"erythromycin","18","bottom",1468579.08793579,154441.550967539,2,109206.667986115,"erythromycin","macrolide_lincosamide"
"erythromycin","22","bottom",724578.37169281,115063.974236758,2,81362.516453086,"erythromycin","macrolide_lincosamide"
"erythromycin","25","bottom",722035.328967295,86613.6987475957,4,43306.8493737978,"erythromycin","macrolide_lincosamide"
"erythromycin","29","bottom",1288199.5876877,616261.510017221,8,217881.346358719,"erythromycin","macrolide_lincosamide"
"erythromycin","29","middle",1090034.35913427,371696.970160004,4,185848.485080002,"erythromycin","macrolide_lincosamide"
"erythromycin","29","top",1517693.3465007,651354.049357342,6,265914.177136849,"erythromycin","macrolide_lincosamide"
"ethacridine","18","bottom",115050.500048651,2410.79897039309,2,1704.6923000425,NA,"unknown"
"ethacridine","22","bottom",501252.514963657,37348.9623507438,2,26409.704548492,NA,"unknown"
"ethacridine","29","bottom",1064109.20561589,55572.5503160506,2,39295.72717631,NA,"unknown"
"ethacridine","29","middle",981091.521072753,321749.536977574,4,160874.768488787,NA,"unknown"
"ethacridine","29","top",868241.407673697,25930.3537336453,2,18335.5289636265,NA,"unknown"
"ethyl 1 2 chlorophenyl 3 5 dimethyl 1h pyrazole 4 carboxylate","01","bottom",1058917.52103201,43251.1276932207,4,21625.5638466104,NA,"unknown"
"ethyl 1 2 chlorophenyl 3 5 dimethyl 1h pyrazole 4 carboxylate","01","middle",1199249.64917869,63521.3149566942,2,44916.352555765,NA,"unknown"
"ethyl 1 2 chlorophenyl 3 5 dimethyl 1h pyrazole 4 carboxylate","01","top",1381001.00736792,546641.259449611,4,273320.629724805,NA,"unknown"
"ethyl 1 2 chlorophenyl 3 5 dimethyl 1h pyrazole 4 carboxylate","04","bottom",1159734.94497753,100232.820306417,2,70875.30693612,NA,"unknown"
"ethyl 1 2 chlorophenyl 3 5 dimethyl 1h pyrazole 4 carboxylate","08","bottom",1993983.62049986,190439.2492823,2,134660.88457159,NA,"unknown"
"ethyl 1 2 chlorophenyl 3 5 dimethyl 1h pyrazole 4 carboxylate","11","bottom",2290208.21034366,47836.6393213052,2,33825.61205327,NA,"unknown"
"ethyl 1 2 chlorophenyl 3 5 dimethyl 1h pyrazole 4 carboxylate","15","bottom",2397343.67585112,88161.1527728071,2,62339.3489628751,NA,"unknown"
"ethyl 1 2 chlorophenyl 3 5 dimethyl 1h pyrazole 4 carboxylate","18","bottom",1529578.34723303,32625.1171512015,2,23069.4415746201,NA,"unknown"
"ethyl 1 2 chlorophenyl 3 5 dimethyl 1h pyrazole 4 carboxylate","22","bottom",1228338.79185602,78134.7818379203,2,55249.6340841249,NA,"unknown"
"ethyl 1 2 chlorophenyl 3 5 dimethyl 1h pyrazole 4 carboxylate","29","bottom",1776488.53524858,81463.0606807931,2,57603.0826236,NA,"unknown"
"ethyl 1 2 chlorophenyl 3 5 dimethyl 1h pyrazole 4 carboxylate","29","middle",1722335.93571239,10617.3392294966,2,7507.592567335,NA,"unknown"
"ethyl 1 2 chlorophenyl 3 5 dimethyl 1h pyrazole 4 carboxylate","29","top",6800461.52728073,106675.08453009,2,75430.6756548746,NA,"unknown"
"fleroxacin","01","top",155864.200191984,30470.6423521977,2,21545.997834349,"fleroxacin","quinolone"
"flumethasone","01","top",508043.45418043,319444.26344899,2,225881.204895922,NA,"unknown"
"fomecin a","01","middle",156784.715923804,24404.9288499339,2,17256.8906841635,NA,"unknown"
"formylsulfamethine","01","bottom",4351621.51043589,894070.41039487,4,447035.205197435,"sulf","sulfonamide_trimethoprim"
"formylsulfamethine","01","middle",2362731.00995982,847981.986536988,4,423990.993268494,"sulf","sulfonamide_trimethoprim"
"formylsulfamethine","01","top",2141721.60205638,154116.906662753,4,77058.4533313767,"sulf","sulfonamide_trimethoprim"
"formylsulfamethine","04","bottom",3905837.0321815,648494.068760918,2,458554.5535801,"sulf","sulfonamide_trimethoprim"
"formylsulfamethine","08","bottom",4210590.16188269,127743.712394698,2,90328.4452882351,"sulf","sulfonamide_trimethoprim"
"formylsulfamethine","11","bottom",1780662.21629955,70929.0090885345,2,50154.383309345,"sulf","sulfonamide_trimethoprim"
"formylsulfamethine","15","bottom",2102656.57146967,546318.479667056,2,386305.5016601,"sulf","sulfonamide_trimethoprim"
"formylsulfamethine","25","bottom",125283.971716917,9169.19264727149,2,6483.5982988915,"sulf","sulfonamide_trimethoprim"
"formylsulfamethine","29","top",3275304.6173561,1779743.26949018,4,889871.634745089,"sulf","sulfonamide_trimethoprim"
"fortimicin b","01","bottom",291472.018122016,57226.8609051615,2,40465.501412059,NA,"unknown"
"fusaric acid","01","bottom",123116.360862686,10987.6220865513,2,7769.4220865155,NA,"unknown"
"fusaric acid","01","middle",149107.158744728,17215.1600722382,2,12172.9564262915,NA,"unknown"
"fusaric acid","15","bottom",1169339.8672083,40050.5964469723,2,28320.04833822,NA,"unknown"
"fusaric acid","29","middle",878941.799145913,83103.6254457171,2,58763.1370938535,NA,"unknown"
"fusaric acid","29","top",209150.404330736,23312.70992169,4,11656.354960845,NA,"unknown"
"gliorosein","01","top",193124.274341635,13678.7584789775,2,9672.34287869799,NA,"unknown"
"gliorosein","04","bottom",404842.161626165,8930.76030543044,2,6315.0011731215,NA,"unknown"
"gliorosein","29","top",323866.539097216,86266.2631996606,2,60999.4596961035,NA,"unknown"
"griseofulvin","11","bottom",354860.695457444,60099.1984410522,2,42496.550761544,"griseofulvin","antifungal"
"griseofulvin","29","top",211026.972874811,68963.4533388876,2,48764.5255099695,"griseofulvin","antifungal"
"guamecycline","01","bottom",318768.937496844,36435.0473127546,2,25763.4690277015,"guamecycline","tetracycline"
"guamecycline","01","middle",260580.234511828,26240.9630772355,4,13120.4815386177,"guamecycline","tetracycline"
"guamecycline","01","top",246801.079996033,43221.4824600998,2,30562.203340472,"guamecycline","tetracycline"
"guamecycline","04","bottom",643761.727162224,46376.8320022178,2,32793.3723987175,"guamecycline","tetracycline"
"guamecycline","15","bottom",434903.665439598,74861.930969212,2,52935.379041049,"guamecycline","tetracycline"
"guamecycline","18","bottom",289613.764423377,18861.1644978115,2,13336.8573174775,"guamecycline","tetracycline"
"guamecycline","29","bottom",337930.889744876,41668.5755198617,2,29464.132312478,"guamecycline","tetracycline"
"guamecycline","29","middle",371429.823849699,31446.8020633445,2,22236.246985622,"guamecycline","tetracycline"
"honokiol","29","middle",1974950.53069641,300152.628285546,2,212239.958851675,NA,"unknown"
"itraconazole","08","bottom",184088.304826529,10924.7187885814,2,7724.942737962,"itraconazole","antifungal"
"k 252a","01","bottom",719693.480631273,19884.0983775464,2,14060.1808005435,NA,"unknown"
"kalamycin","01","middle",183946.515921757,15288.7114177108,2,10810.7515190675,NA,"unknown"
"kalamycin","04","bottom",141921.794358073,4109.4438148386,2,2905.81558837749,NA,"unknown"
"kalamycin","29","bottom",179139.808081808,2460.58414524876,2,1739.8957347855,NA,"unknown"
"kalamycin","29","middle",204391.369297809,28262.9701123742,2,19984.9378229325,NA,"unknown"
"kalamycin","29","top",268816.186555523,73406.7781464562,6,29968.1916867508,NA,"unknown"
"ketoconazole","08","bottom",235664.272196062,6822.61499935009,2,4824.3173314655,"ketoconazole","antifungal"
"ketoconazole","22","bottom",1719875.94301652,996190.967658473,2,704413.388588095,"ketoconazole","antifungal"
"ketoconazole","29","middle",3674066.68049819,117198.854576452,2,82872.104818305,"ketoconazole","antifungal"
"ketoconazole","29","top",3039763.11415861,487991.40780268,2,345062.033618045,"ketoconazole","antifungal"
"leucomycin a1","29","bottom",1131559.84585595,52780.1329500247,2,37321.18992089,NA,"unknown"
"leucomycin a1","29","top",4362167.93476699,179235.316907913,2,126738.508013705,NA,"unknown"
"levofloxacin","01","bottom",1803896.89910797,219439.700805123,4,109719.850402562,"floxacin","quinolone"
"levofloxacin","01","bottom",1803896.89910797,219439.700805123,4,109719.850402562,"levofloxacin","quinolone"
"levofloxacin","01","bottom",1803896.89910797,219439.700805123,4,109719.850402562,"ofloxacin","quinolone"
"levofloxacin","01","middle",1085549.54988764,80717.4343303949,4,40358.7171651974,"floxacin","quinolone"
"levofloxacin","01","middle",1085549.54988764,80717.4343303949,4,40358.7171651974,"levofloxacin","quinolone"
"levofloxacin","01","middle",1085549.54988764,80717.4343303949,4,40358.7171651974,"ofloxacin","quinolone"
"levofloxacin","01","top",1641222.8904631,296317.132017349,4,148158.566008675,"floxacin","quinolone"
"levofloxacin","01","top",1641222.8904631,296317.132017349,4,148158.566008675,"levofloxacin","quinolone"
"levofloxacin","01","top",1641222.8904631,296317.132017349,4,148158.566008675,"ofloxacin","quinolone"
"levofloxacin","08","bottom",1815050.86110553,180027.569163781,2,127298.71495624,"floxacin","quinolone"
"levofloxacin","08","bottom",1815050.86110553,180027.569163781,2,127298.71495624,"levofloxacin","quinolone"
"levofloxacin","08","bottom",1815050.86110553,180027.569163781,2,127298.71495624,"ofloxacin","quinolone"
"levofloxacin","11","bottom",1506927.09643511,71908.2146825301,2,50846.7862250351,"floxacin","quinolone"
"levofloxacin","11","bottom",1506927.09643511,71908.2146825301,2,50846.7862250351,"levofloxacin","quinolone"
"levofloxacin","11","bottom",1506927.09643511,71908.2146825301,2,50846.7862250351,"ofloxacin","quinolone"
"levofloxacin","15","bottom",1422414.96179762,139194.688014254,2,98425.5078000249,"floxacin","quinolone"
"levofloxacin","15","bottom",1422414.96179762,139194.688014254,2,98425.5078000249,"levofloxacin","quinolone"
"levofloxacin","15","bottom",1422414.96179762,139194.688014254,2,98425.5078000249,"ofloxacin","quinolone"
"levofloxacin","18","bottom",1510033.41141733,208405.521445286,2,147364.95745068,"floxacin","quinolone"
"levofloxacin","18","bottom",1510033.41141733,208405.521445286,2,147364.95745068,"levofloxacin","quinolone"
"levofloxacin","18","bottom",1510033.41141733,208405.521445286,2,147364.95745068,"ofloxacin","quinolone"
"levofloxacin","22","bottom",431821.242310498,109089.387413844,2,77137.8455958155,"floxacin","quinolone"
"levofloxacin","22","bottom",431821.242310498,109089.387413844,2,77137.8455958155,"levofloxacin","quinolone"
"levofloxacin","22","bottom",431821.242310498,109089.387413844,2,77137.8455958155,"ofloxacin","quinolone"
"levofloxacin","25","bottom",933549.699359888,25192.0640233586,2,17813.4793030025,"floxacin","quinolone"
"levofloxacin","25","bottom",933549.699359888,25192.0640233586,2,17813.4793030025,"levofloxacin","quinolone"
"levofloxacin","25","bottom",933549.699359888,25192.0640233586,2,17813.4793030025,"ofloxacin","quinolone"
"levofloxacin","29","bottom",707721.530036375,2529.81833593256,2,1788.85170050798,"floxacin","quinolone"
"levofloxacin","29","bottom",707721.530036375,2529.81833593256,2,1788.85170050798,"levofloxacin","quinolone"
"levofloxacin","29","bottom",707721.530036375,2529.81833593256,2,1788.85170050798,"ofloxacin","quinolone"
"levofloxacin","29","middle",1207950.24676052,220488.820888332,4,110244.410444166,"floxacin","quinolone"
"levofloxacin","29","middle",1207950.24676052,220488.820888332,4,110244.410444166,"levofloxacin","quinolone"
"levofloxacin","29","middle",1207950.24676052,220488.820888332,4,110244.410444166,"ofloxacin","quinolone"
"levofloxacin","29","top",1605014.59870244,702352.309843747,4,351176.154921873,"floxacin","quinolone"
"levofloxacin","29","top",1605014.59870244,702352.309843747,4,351176.154921873,"levofloxacin","quinolone"
"levofloxacin","29","top",1605014.59870244,702352.309843747,4,351176.154921873,"ofloxacin","quinolone"
"marbofloxacin","01","middle",802645.146934603,126964.286012359,2,89777.3076078475,"floxacin","quinolone"
"marbofloxacin","01","middle",802645.146934603,126964.286012359,2,89777.3076078475,"marbofloxacin","quinolone"
"marbofloxacin","01","middle",802645.146934603,126964.286012359,2,89777.3076078475,"ofloxacin","quinolone"
"marbofloxacin","22","bottom",537498.876238551,441289.546324929,4,220644.773162464,"floxacin","quinolone"
"marbofloxacin","22","bottom",537498.876238551,441289.546324929,4,220644.773162464,"marbofloxacin","quinolone"
"marbofloxacin","22","bottom",537498.876238551,441289.546324929,4,220644.773162464,"ofloxacin","quinolone"
"marbofloxacin","25","bottom",1073949.33920585,137765.331917531,2,97414.8004113019,"floxacin","quinolone"
"marbofloxacin","25","bottom",1073949.33920585,137765.331917531,2,97414.8004113019,"marbofloxacin","quinolone"
"marbofloxacin","25","bottom",1073949.33920585,137765.331917531,2,97414.8004113019,"ofloxacin","quinolone"
"marbofloxacin","29","bottom",303562.075981301,186276.286882372,4,93138.1434411861,"floxacin","quinolone"
"marbofloxacin","29","bottom",303562.075981301,186276.286882372,4,93138.1434411861,"marbofloxacin","quinolone"
"marbofloxacin","29","bottom",303562.075981301,186276.286882372,4,93138.1434411861,"ofloxacin","quinolone"
"marbofloxacin","29","middle",771791.789294396,396729.86156431,2,280530.375411324,"floxacin","quinolone"
"marbofloxacin","29","middle",771791.789294396,396729.86156431,2,280530.375411324,"marbofloxacin","quinolone"
"marbofloxacin","29","middle",771791.789294396,396729.86156431,2,280530.375411324,"ofloxacin","quinolone"
"marbofloxacin","29","top",674003.442641726,408328.80617463,4,204164.403087315,"floxacin","quinolone"
"marbofloxacin","29","top",674003.442641726,408328.80617463,4,204164.403087315,"marbofloxacin","quinolone"
"marbofloxacin","29","top",674003.442641726,408328.80617463,4,204164.403087315,"ofloxacin","quinolone"
"metacycline","29","bottom",2194140.55323781,598148.620741507,2,422954.9458837,"metacycline","tetracycline"
"mevastatin","01","top",635247.389532561,17717.3522981304,2,12528.059954679,NA,"unknown"
"mevastatin","15","bottom",720752.896706539,283022.539206193,2,200127.156701335,NA,"unknown"
"miconazole","22","bottom",1283174.37805239,110893.934737592,2,78413.85324541,"miconazole","antifungal"
"miconazole","29","middle",3237467.12578776,170127.280104019,2,120298.153426375,"miconazole","antifungal"
"milbemycin a3","01","middle",686863.424608851,55994.473619639,2,39594.072005418,NA,"unknown"
"mucidin","25","bottom",321636.357061461,17413.4429353331,2,12313.163583379,NA,"unknown"
"mupirocin","01","bottom",3965728.38214761,1214195.87080928,4,607097.935404642,"mupirocin","other"
"mupirocin","01","middle",2929840.03349259,935001.338698367,4,467500.669349183,"mupirocin","other"
"mupirocin","01","top",5211407.71508731,993821.746465132,4,496910.873232566,"mupirocin","other"
"mupirocin","04","bottom",2587759.06592124,80897.3198750851,2,57203.04346349,"mupirocin","other"
"mupirocin","08","bottom",4015860.48922045,635599.339763573,2,449436.603264515,"mupirocin","other"
"mupirocin","11","bottom",5327602.71172981,794489.262066177,2,561788.74478689,"mupirocin","other"
"mupirocin","15","bottom",2763456.03607864,969677.253839812,2,685665.36175248,"mupirocin","other"
"mupirocin","18","bottom",3352569.2628227,132437.875047466,2,93647.7195320001,"mupirocin","other"
"mupirocin","22","bottom",1884772.41735308,495095.25081934,2,350085.20918761,"mupirocin","other"
"mupirocin","29","bottom",4940438.43236062,2229862.59716281,4,1114931.2985814,"mupirocin","other"
"mupirocin","29","middle",1773346.24641386,191791.470505332,2,135617.04936806,"mupirocin","other"
"mupirocin","29","top",2875391.48381138,404302.021627733,2,285884.7011404,"mupirocin","other"
"n 3 chloro 2 methylphenyl 1 cyclohexyl 5 oxopyrrolidine 3 carboxamide","15","bottom",305355.329968595,42370.1862323746,2,29960.246005049,NA,"unknown"
"n 3 chloro 2 methylphenyl 1 cyclohexyl 5 oxopyrrolidine 3 carboxamide","29","bottom",397399.819001492,8279.42867457946,2,5854.44016014549,NA,"unknown"
"n 3 chloro 2 methylphenyl 1 cyclohexyl 5 oxopyrrolidine 3 carboxamide","29","middle",135248.337829145,19860.0020336294,2,14043.142112358,NA,"unknown"
"n allyl 6 diazo 5 oxonorleucyl 6 diazo 5 oxonorleucine","01","bottom",263117.62440234,16108.2352727156,2,11390.2423942855,NA,"unknown"
"n allyl 6 diazo 5 oxonorleucyl 6 diazo 5 oxonorleucine","01","middle",242023.918657289,19045.7824409869,2,13467.4019170255,NA,"unknown"
"n allyl 6 diazo 5 oxonorleucyl 6 diazo 5 oxonorleucine","01","top",282298.447833465,25609.9131003717,2,18108.943218871,NA,"unknown"
"n allyl 6 diazo 5 oxonorleucyl 6 diazo 5 oxonorleucine","04","bottom",241326.138889327,18546.3867713308,2,13114.2758525165,NA,"unknown"
"n allyl 6 diazo 5 oxonorleucyl 6 diazo 5 oxonorleucine","08","bottom",189827.336610937,50406.1686661351,2,35642.543677457,NA,"unknown"
"n allyl 6 diazo 5 oxonorleucyl 6 diazo 5 oxonorleucine","11","bottom",157439.131310378,23483.9756018916,2,16605.678397317,NA,"unknown"
"n allyl 6 diazo 5 oxonorleucyl 6 diazo 5 oxonorleucine","15","bottom",221643.681171064,13917.3406599714,2,9841.045956749,NA,"unknown"
"n allyl 6 diazo 5 oxonorleucyl 6 diazo 5 oxonorleucine","18","bottom",162845.237539233,14224.9269032004,2,10058.542275136,NA,"unknown"
"n allyl 6 diazo 5 oxonorleucyl 6 diazo 5 oxonorleucine","29","bottom",256437.681650302,4433.14841324581,2,3134.7093050125,NA,"unknown"
"n allyl 6 diazo 5 oxonorleucyl 6 diazo 5 oxonorleucine","29","middle",277705.316205949,33937.0260270666,4,16968.5130135333,NA,"unknown"
"n allyl 6 diazo 5 oxonorleucyl 6 diazo 5 oxonorleucine","29","top",244997.561273042,85724.9172462337,2,60616.6703014675,NA,"unknown"
"n methyl 1 deoxynojirimycin","04","bottom",174840.312022199,26884.2842060099,2,19010.059669416,NA,"unknown"
"n2 4s 4as 6s 12as 4 dimethylamino 3 6 10 12 12a pentahydroxy 6 methyl 1 11 dioxo 1 4 4a 5 5a 6 11 12a octahydro 2 tetracenyl carbonyl amino methyl l lysine","01","bottom",1515659.55738161,346205.769390629,4,173102.884695315,NA,"unknown"
"n2 4s 4as 6s 12as 4 dimethylamino 3 6 10 12 12a pentahydroxy 6 methyl 1 11 dioxo 1 4 4a 5 5a 6 11 12a octahydro 2 tetracenyl carbonyl amino methyl l lysine","01","top",1131483.44252919,249433.016474266,2,176375.77740077,NA,"unknown"
"n2 4s 4as 6s 12as 4 dimethylamino 3 6 10 12 12a pentahydroxy 6 methyl 1 11 dioxo 1 4 4a 5 5a 6 11 12a octahydro 2 tetracenyl carbonyl amino methyl l lysine","04","bottom",2559548.98354028,276623.950782366,2,195602.671436825,NA,"unknown"
"n2 4s 4as 6s 12as 4 dimethylamino 3 6 10 12 12a pentahydroxy 6 methyl 1 11 dioxo 1 4 4a 5 5a 6 11 12a octahydro 2 tetracenyl carbonyl amino methyl l lysine","08","bottom",2377220.09782295,489531.812339223,2,346151.264111605,NA,"unknown"
"n2 4s 4as 6s 12as 4 dimethylamino 3 6 10 12 12a pentahydroxy 6 methyl 1 11 dioxo 1 4 4a 5 5a 6 11 12a octahydro 2 tetracenyl carbonyl amino methyl l lysine","11","bottom",1007274.94056884,347297.439066818,2,245576.374252869,NA,"unknown"
"n2 4s 4as 6s 12as 4 dimethylamino 3 6 10 12 12a pentahydroxy 6 methyl 1 11 dioxo 1 4 4a 5 5a 6 11 12a octahydro 2 tetracenyl carbonyl amino methyl l lysine","15","bottom",2076632.08582124,217480.342202834,2,153781.824746395,NA,"unknown"
"n2 4s 4as 6s 12as 4 dimethylamino 3 6 10 12 12a pentahydroxy 6 methyl 1 11 dioxo 1 4 4a 5 5a 6 11 12a octahydro 2 tetracenyl carbonyl amino methyl l lysine","18","bottom",1944416.11013655,222769.380415259,2,157521.739532355,NA,"unknown"
"n2 4s 4as 6s 12as 4 dimethylamino 3 6 10 12 12a pentahydroxy 6 methyl 1 11 dioxo 1 4 4a 5 5a 6 11 12a octahydro 2 tetracenyl carbonyl amino methyl l lysine","29","top",2454186.00701393,318002.878983864,2,224861.992166335,NA,"unknown"
"n4 acetylsulfamethazine","01","middle",523149.543827328,18838.2011691785,2,13320.6197920825,"sulf","sulfonamide_trimethoprim"
"n4 acetylsulfamethazine","15","bottom",195580.710478953,7515.23900446452,2,5314.0764622945,"sulf","sulfonamide_trimethoprim"
"n4 acetylsulfamethazine","25","bottom",679371.21622721,1282.6845612066,2,906.994951352477,"sulf","sulfonamide_trimethoprim"
"n4 acetylsulfamethazine","29","bottom",516689.758037599,264567.164527476,4,132283.582263738,"sulf","sulfonamide_trimethoprim"
"n4 acetylsulfamethazine","29","top",264055.675066248,28709.4582079935,2,20300.652583064,"sulf","sulfonamide_trimethoprim"
"nanafrocin","04","bottom",340357.628205479,3750.12415418118,2,2651.73821971298,NA,"unknown"
"nanafrocin","15","bottom",278057.046322859,90677.4022294355,2,64118.606016814,NA,"unknown"
"nanafrocin","25","bottom",127382.955291865,27591.2895043499,2,19509.987910207,NA,"unknown"
"nanafrocin","29","bottom",1962912.43549571,829366.414963688,2,586450.6161092,NA,"unknown"
"netilmicin","01","bottom",512539.684040743,193510.176975323,2,136832.35836786,"netilmicin","aminoglycoside"
"netilmicin","08","bottom",195839.65932532,1510.0627548342,2,1067.7756139605,"netilmicin","aminoglycoside"
"netilmicin","15","bottom",109417.623669778,13057.3820467063,2,9232.96338976949,"netilmicin","aminoglycoside"
"netilmicin","29","top",217418.504711359,57444.4176100101,4,28722.208805005,"netilmicin","aminoglycoside"
"nicarbazin","01","bottom",305475.923608322,45390.2510364654,4,22695.1255182327,NA,"unknown"
"nicarbazin","01","middle",285105.680858609,14298.1765686747,2,10110.3376103125,NA,"unknown"
"nicarbazin","01","top",230036.077904487,62003.2132918718,6,25312.705829673,NA,"unknown"
"nicarbazin","04","bottom",145356.126231465,17724.337582467,2,12532.999296602,NA,"unknown"
"nicarbazin","11","bottom",457507.027360349,166195.170765426,4,83097.5853827128,NA,"unknown"
"nicarbazin","15","bottom",397460.591791031,244733.991585194,6,99912.2336830529,NA,"unknown"
"oxacillin","01","bottom",170611.175991212,13235.2869891926,4,6617.64349459628,"cillin","beta-lactam"
"oxacillin","01","middle",174556.577375873,31641.4455671078,4,15820.7227835539,"cillin","beta-lactam"
"oxacillin","01","top",175517.803280708,37216.8077395562,4,18608.4038697781,"cillin","beta-lactam"
"oxacillin","08","bottom",140226.429750548,32573.5858902759,2,23033.0034705765,"cillin","beta-lactam"
"oxacillin","11","bottom",120787.795537247,242.650581279364,2,171.579871481495,"cillin","beta-lactam"
"oxacillin","15","bottom",167818.782536387,17959.4647452627,2,12699.259307856,"cillin","beta-lactam"
"oxacillin","25","bottom",162426.255266285,19816.078516767,2,14012.083495731,"cillin","beta-lactam"
"oxacillin","29","bottom",130431.358715746,16033.5985616371,2,11337.4662697565,"cillin","beta-lactam"
"oxacillin","29","middle",169463.687773954,15928.3398206467,2,11263.037100223,"cillin","beta-lactam"
"oxacillin","29","top",128101.307479504,1680.0793864443,2,1187.9955270865,"cillin","beta-lactam"
"pefloxacin","01","bottom",1510490.06841618,89942.0922073489,4,44971.0461036745,"floxacin","quinolone"
"pefloxacin","01","middle",1418976.54417431,41422.3162366729,2,29290.000703405,"floxacin","quinolone"
"pefloxacin","01","top",1612569.09691426,175143.557211825,4,87571.7786059124,"floxacin","quinolone"
"pefloxacin","08","bottom",1419431.55880344,78825.8072592579,2,55738.2628455251,"floxacin","quinolone"
"pefloxacin","11","bottom",1452828.36742625,19867.0052971094,2,14048.0941674551,"floxacin","quinolone"
"pefloxacin","15","bottom",1786745.201874,30494.6175468813,2,21562.9508570901,"floxacin","quinolone"
"pefloxacin","18","bottom",1202822.42648855,40492.2582807139,2,28632.3504158499,"floxacin","quinolone"
"pefloxacin","22","bottom",296351.840649945,202943.104277328,4,101471.552138664,"floxacin","quinolone"
"pefloxacin","29","bottom",774583.797011914,572081.218109366,4,286040.609054683,"floxacin","quinolone"
"pefloxacin","29","middle",1363757.38863166,223484.115508299,4,111742.057754149,"floxacin","quinolone"
"pefloxacin","29","top",572450.633555715,7938.7596774638,2,5613.55080214498,"floxacin","quinolone"
"penicillin bt","29","bottom",143810.066591396,12119.0076142223,2,8569.43246526801,"cillin","beta-lactam"
"pirlimycin","01","bottom",1036723.5566799,306571.19061091,6,125157.164472375,NA,"unknown"
"pirlimycin","01","middle",944957.595675872,315877.887251466,10,99889.3586196498,NA,"unknown"
"pirlimycin","01","top",1081299.53075952,308462.532620157,10,97544.4175903683,NA,"unknown"
"pirlimycin","08","bottom",1430361.37971699,356293.590627083,4,178146.795313541,NA,"unknown"
"pirlimycin","11","bottom",958022.614051314,222368.230515396,4,111184.115257698,NA,"unknown"
"pirlimycin","15","bottom",907668.736500763,174917.865727538,4,87458.932863769,NA,"unknown"
"pirlimycin","18","bottom",985541.497130243,230305.770992893,4,115152.885496447,NA,"unknown"
"pirlimycin","22","bottom",840734.608700239,205610.604856594,6,83940.1779339455,NA,"unknown"
"pirlimycin","25","bottom",1293163.74862443,225195.914150568,2,159237.55799137,NA,"unknown"
"pirlimycin","29","bottom",1830033.80811312,762692.276185802,14,203838.084930431,NA,"unknown"
"pirlimycin","29","middle",1227625.32180122,113226.339531771,6,46224.4595493266,NA,"unknown"
"pirlimycin","29","top",1525497.5013639,1096905.25527092,10,346871.898406452,NA,"unknown"
"piromidic acid","01","bottom",549884.888137712,39392.2542886168,4,19696.1271443084,NA,"unknown"
"piromidic acid","01","middle",680229.150686189,102868.500941779,2,72739.0145864265,NA,"unknown"
"piromidic acid","01","top",870628.802342962,551467.001382853,4,275733.500691427,NA,"unknown"
"piromidic acid","04","bottom",1027670.34474989,159324.125041921,2,112659.169223756,NA,"unknown"
"piromidic acid","08","bottom",996779.032907691,70556.7588924123,2,49891.162671369,NA,"unknown"
"piromidic acid","11","bottom",935978.752057598,89920.0595935215,2,63583.0839032775,NA,"unknown"
"piromidic acid","15","bottom",797929.395784869,26494.0236813153,2,18734.103805975,NA,"unknown"
"piromidic acid","18","bottom",800722.081137706,65570.4718865686,2,46365.3253165945,NA,"unknown"
"piromidic acid","22","bottom",388666.475153037,21449.874474475,2,15167.3516965015,NA,"unknown"
"piromidic acid","29","middle",744276.90601197,338.003214496045,2,239.004365033004,NA,"unknown"
"piromidic acid","29","top",625060.662960252,43074.8670124738,4,21537.4335062369,NA,"unknown"
"pleuromutilin","29","top",177468.159607171,60852.6426429201,2,43029.3162659305,NA,"unknown"
"quindoxin","01","bottom",623278.293798712,44929.0435363794,2,31769.6313567995,NA,"unknown"
"quindoxin","01","top",516373.580647362,29665.9392049854,2,20976.986782113,NA,"unknown"
"quindoxin","04","bottom",889928.056965016,155927.064225532,2,110257.084484384,NA,"unknown"
"quindoxin","29","top",623690.553753731,169717.216843993,10,53669.2963371711,NA,"unknown"
"r flecainide","08","bottom",2589401.2111018,225041.922456891,2,159128.669420525,NA,"unknown"
"r flecainide","11","bottom",2372277.61143931,53588.8064800755,2,37893.008457755,NA,"unknown"
"r flecainide","15","bottom",2877084.80424292,148064.169574063,2,104697.178356575,NA,"unknown"
"r flecainide","18","bottom",1896354.41076266,143819.43758778,2,101695.699584755,NA,"unknown"
"r flecainide","22","bottom",1115535.73216701,163197.301747133,2,115397.918736745,NA,"unknown"
"r flecainide","29","bottom",2031322.86992623,86080.1253953212,2,60867.8403924199,NA,"unknown"
"r flecainide","29","middle",2317661.04944578,4681.13198959931,2,3310.06017347495,NA,"unknown"
"r flecainide","29","top",2387861.44997588,180246.438622604,4,90123.2193113018,NA,"unknown"
"resorcinomycin b","18","bottom",458426.978038047,9138.50722920127,2,6461.9004316905,NA,"unknown"
"rimonabant","01","middle",1141723.90106093,74928.6106061147,2,52982.5286644699,NA,"unknown"
"rimonabant","22","bottom",188338.386969607,3503.09483544044,2,2477.06211327951,NA,"unknown"
"rimonabant","29","bottom",613397.270394116,12270.0784554463,2,8676.25568153703,NA,"unknown"
"roridin a","29","middle",465531.274086604,116953.975643274,4,58476.987821637,NA,"unknown"
"rosoxacin","01","bottom",167711.804274135,20292.0379316898,2,14348.6376255925,NA,"unknown"
"rosoxacin","18","bottom",141846.761732073,1608.24373349274,2,1137.20004975349,NA,"unknown"
"rpr128515","25","bottom",305434.391111065,232315.115349575,2,164271.59343582,NA,"unknown"
"rufloxacin","29","bottom",139753.412731155,13628.4336211289,2,9636.757830451,"floxacin","quinolone"
"rufloxacin","29","top",362865.726942875,27330.9118806583,4,13665.4559403292,"floxacin","quinolone"
"sarafloxacin","01","middle",358087.436638927,26002.4952531976,2,18386.540721307,"floxacin","quinolone"
"sarafloxacin","25","bottom",504017.133541423,49920.3388644041,2,35299.0101301505,"floxacin","quinolone"
"sarafloxacin","29","bottom",405272.402527348,209686.260299746,4,104843.130149873,"floxacin","quinolone"
"sarafloxacin","29","top",321852.784420458,57032.5779998357,2,40328.1226522345,"floxacin","quinolone"
"sisomicin sisomycin","29","middle",7326233.41457911,1784383.93803217,4,892191.969016087,NA,"unknown"
"sordarin","01","bottom",576224.085578606,199690.30995866,4,99845.1549793299,NA,"unknown"
"sordarin","01","middle",725893.7847599,98947.8724848553,4,49473.9362424276,NA,"unknown"
"sordarin","01","top",824737.342165227,45171.4452503347,4,22585.7226251674,NA,"unknown"
"sordarin","04","bottom",1084253.01944025,381433.988104567,2,269714.559563769,NA,"unknown"
"sordarin","08","bottom",819157.936611696,487743.51244473,2,344886.745129414,NA,"unknown"
"sordarin","11","bottom",792203.543469603,430685.855436455,2,304540.888940246,NA,"unknown"
"sordarin","15","bottom",445343.383213226,381251.398415423,2,269585.4491564,NA,"unknown"
"sordarin","18","bottom",748946.75675508,54374.9979059775,2,38448.929746321,NA,"unknown"
"sordarin","22","bottom",330504.636924761,137462.704970624,2,97200.810844974,NA,"unknown"
"sordarin","25","bottom",955831.397186859,250489.561257867,2,177122.867381881,NA,"unknown"
"sordarin","29","bottom",910786.610560101,356634.247178577,4,178317.123589289,NA,"unknown"
"sordarin","29","middle",698245.0037731,44857.7922197883,2,31719.2490676694,NA,"unknown"
"sordarin","29","top",700036.390515849,403763.869009101,4,201881.93450455,NA,"unknown"
"sparfloxacin","15","bottom",147283.782988209,37820.7943761787,2,26743.340173258,"floxacin","quinolone"
"sparfloxacin","15","bottom",147283.782988209,37820.7943761787,2,26743.340173258,"sparfloxacin","quinolone"
"sparfloxacin","25","bottom",261615.016756486,26438.7059019074,2,18694.9882290355,"floxacin","quinolone"
"sparfloxacin","25","bottom",261615.016756486,26438.7059019074,2,18694.9882290355,"sparfloxacin","quinolone"
"sphingofungin c","29","middle",450653.458264039,52544.7742447592,2,37154.7661843855,NA,"unknown"
"sulfadiazine","01","bottom",142482.397585595,1113.82078629043,2,787.590231012495,"sulf","sulfonamide_trimethoprim"
"sulfadiazine","01","middle",188534.458085768,15050.3303197886,2,10642.19062822,"sulf","sulfonamide_trimethoprim"
"sulfadiazine","01","top",106574.038675153,6480.34049773892,2,4582.292710349,"sulf","sulfonamide_trimethoprim"
"sulfadicramide","01","bottom",330825.899998393,61655.1107537815,2,43596.7469088065,"sulf","sulfonamide_trimethoprim"
"sulfadicramide","01","middle",289501.380201364,71444.320249356,4,35722.160124678,"sulf","sulfonamide_trimethoprim"
"sulfadicramide","01","top",489265.005766994,114616.669319906,2,81046.2241131215,"sulf","sulfonamide_trimethoprim"
"sulfadicramide","22","bottom",116097.807850572,7789.59737145961,2,5508.077124072,"sulf","sulfonamide_trimethoprim"
"sulfadicramide","25","bottom",375520.799937539,61245.5219949217,2,43307.123919919,"sulf","sulfonamide_trimethoprim"
"sulfadicramide","29","bottom",213090.102435671,29788.1039766441,2,21063.370320575,"sulf","sulfonamide_trimethoprim"
"sulfadicramide","29","middle",245078.731992208,30361.1075209703,2,21468.545012412,"sulf","sulfonamide_trimethoprim"
"sulfadimethoxine","01","bottom",290850.039795846,84068.0586471824,4,42034.0293235912,"sulf","sulfonamide_trimethoprim"
"sulfadimethoxine","01","middle",462621.525733522,30420.6175998913,2,21510.624992766,"sulf","sulfonamide_trimethoprim"
"sulfadimethoxine","22","bottom",173451.129087916,13432.8768817593,2,9498.478333936,"sulf","sulfonamide_trimethoprim"
"sulfadimethoxine","29","bottom",557533.287525289,46738.3977170685,2,33049.037967533,"sulf","sulfonamide_trimethoprim"
"sulfadimethoxine","29","middle",456500.618729425,158622.245514006,4,79311.1227570031,"sulf","sulfonamide_trimethoprim"
"sulfadimethoxine","29","top",405889.507778237,17480.565068956,2,12360.6260992315,"sulf","sulfonamide_trimethoprim"
"sulfaguanidine","01","middle",801705.027071816,172349.480947856,2,121869.486712211,"sulf","sulfonamide_trimethoprim"
"sulfamerazine","01","bottom",457883.560640519,54921.3649087125,2,38835.2695589715,"sulf","sulfonamide_trimethoprim"
"sulfamerazine","01","middle",303664.321581356,188197.83942464,6,76831.446214102,"sulf","sulfonamide_trimethoprim"
"sulfamerazine","01","top",213215.413263355,7801.99212458912,2,5516.84153806101,"sulf","sulfonamide_trimethoprim"
"sulfamerazine","08","bottom",474875.51599974,96124.7856834061,2,67970.48779684,"sulf","sulfonamide_trimethoprim"
"sulfamerazine","11","bottom",377668.168234829,8091.69271234864,2,5721.69078817949,"sulf","sulfonamide_trimethoprim"
"sulfamerazine","15","bottom",384809.498175214,39904.3909478778,2,28216.6654383635,"sulf","sulfonamide_trimethoprim"
"sulfamerazine","29","bottom",421624.390181806,190528.531440245,4,95264.2657201227,"sulf","sulfonamide_trimethoprim"
"sulfamerazine","29","middle",520916.13838671,66372.2372853212,4,33186.1186426606,"sulf","sulfonamide_trimethoprim"
"sulfamerazine","29","top",560968.046935563,21262.8189113965,2,15035.08343939,"sulf","sulfonamide_trimethoprim"
"sulfameter sulfamethoxydiazine","01","bottom",357215.074324921,49438.6888398754,4,24719.3444199377,"sulf","sulfonamide_trimethoprim"
"sulfameter sulfamethoxydiazine","01","middle",442528.451240713,230882.042103849,4,115441.021051924,"sulf","sulfonamide_trimethoprim"
"sulfameter sulfamethoxydiazine","01","top",266471.020554731,25695.4167215087,2,18169.403409193,"sulf","sulfonamide_trimethoprim"
"sulfameter sulfamethoxydiazine","04","bottom",550668.901238936,54152.3862657251,2,38291.5195459275,"sulf","sulfonamide_trimethoprim"
"sulfameter sulfamethoxydiazine","08","bottom",414024.943740365,104522.507340168,4,52261.2536700839,"sulf","sulfonamide_trimethoprim"
"sulfameter sulfamethoxydiazine","11","bottom",331972.265257531,57279.5613300902,4,28639.7806650451,"sulf","sulfonamide_trimethoprim"
"sulfameter sulfamethoxydiazine","15","bottom",427560.592172661,17093.392754877,2,12086.8539304585,"sulf","sulfonamide_trimethoprim"
"sulfameter sulfamethoxydiazine","18","bottom",369150.261394473,41505.5852718084,4,20752.7926359042,"sulf","sulfonamide_trimethoprim"
"sulfameter sulfamethoxydiazine","22","bottom",146976.179994514,26232.6822706697,4,13116.3411353348,"sulf","sulfonamide_trimethoprim"
"sulfameter sulfamethoxydiazine","25","bottom",459292.361984494,9505.3756981363,2,6721.31561387799,"sulf","sulfonamide_trimethoprim"
"sulfameter sulfamethoxydiazine","29","bottom",320398.282068471,108829.560605065,12,31416.3880555614,"sulf","sulfonamide_trimethoprim"
"sulfameter sulfamethoxydiazine","29","middle",362580.152711496,30846.0226315851,2,21811.4317754275,"sulf","sulfonamide_trimethoprim"
"sulfameter sulfamethoxydiazine","29","top",287505.493239346,142972.861854653,4,71486.4309273267,"sulf","sulfonamide_trimethoprim"
"sulfamethazine sulfadimidine","01","middle",258142.556705307,40234.9508449124,2,28450.406583145,"sulf","sulfonamide_trimethoprim"
"sulfamethazine sulfadimidine","01","top",175802.072496582,21390.8597947339,2,15125.622016267,"sulf","sulfonamide_trimethoprim"
"sulfamethazine sulfadimidine","04","bottom",585747.743438995,13418.6287188177,2,9488.40336130053,"sulf","sulfonamide_trimethoprim"
"sulfamethazine sulfadimidine","08","bottom",272327.212014971,50686.7583764969,2,35840.950564385,"sulf","sulfonamide_trimethoprim"
"sulfamethazine sulfadimidine","11","bottom",274730.055292284,66131.0684074884,2,46761.7269180465,"sulf","sulfonamide_trimethoprim"
"sulfamethazine sulfadimidine","15","bottom",224175.031595787,80579.5366582561,4,40289.7683291281,"sulf","sulfonamide_trimethoprim"
"sulfamethazine sulfadimidine","22","bottom",369611.049023767,4545.4798106533,2,3214.1395978595,"sulf","sulfonamide_trimethoprim"
"sulfamethazine sulfadimidine","25","bottom",288834.930740003,23483.6219170633,2,16605.4283043765,"sulf","sulfonamide_trimethoprim"
"sulfamethazine sulfadimidine","29","bottom",465515.885943107,16378.0048446731,2,11580.9982879745,"sulf","sulfonamide_trimethoprim"
"sulfamethazine sulfadimidine","29","middle",363701.690433471,174213.131695579,4,87106.5658477896,"sulf","sulfonamide_trimethoprim"
"sulfamethazine sulfadimidine","29","top",448260.832246605,160322.116990879,4,80161.0584954393,"sulf","sulfonamide_trimethoprim"
"sulfapyridine","01","bottom",1143515.8170977,112115.410932672,4,56057.7054663362,"sulf","sulfonamide_trimethoprim"
"sulfapyridine","01","middle",1076870.81030634,202721.963804419,4,101360.981902209,"sulf","sulfonamide_trimethoprim"
"sulfapyridine","01","top",946613.842368638,138821.382292542,4,69410.6911462711,"sulf","sulfonamide_trimethoprim"
"sulfapyridine","04","bottom",1801470.40891821,85205.3430002888,2,60249.27582883,"sulf","sulfonamide_trimethoprim"
"sulfapyridine","08","bottom",1042141.26860067,92267.7257243192,2,65243.1345443266,"sulf","sulfonamide_trimethoprim"
"sulfapyridine","11","bottom",945287.985929746,10907.7922120502,2,7712.97384091449,"sulf","sulfonamide_trimethoprim"
"sulfapyridine","15","bottom",1288107.21052998,18641.95073148,2,13181.849776775,"sulf","sulfonamide_trimethoprim"
"sulfapyridine","18","bottom",717570.866436587,69049.1704615389,2,48825.13666866,"sulf","sulfonamide_trimethoprim"
"sulfapyridine","22","bottom",371084.225059409,29130.3418735576,2,20598.262277075,"sulf","sulfonamide_trimethoprim"
"sulfapyridine","25","bottom",857478.732695594,34357.4231507705,2,24294.3668940055,"sulf","sulfonamide_trimethoprim"
"sulfapyridine","29","bottom",770380.574969859,122899.283684349,4,61449.6418421744,"sulf","sulfonamide_trimethoprim"
"sulfapyridine","29","middle",1280818.05237956,254329.933450204,4,127164.966725102,"sulf","sulfonamide_trimethoprim"
"sulfapyridine","29","top",389355.740817126,30297.3453583249,4,15148.6726791624,"sulf","sulfonamide_trimethoprim"
"sulfasymazine","29","top",246753.872950783,5134.96955155008,2,3630.9717910875,"sulf","sulfonamide_trimethoprim"
"sultamicillin","29","middle",175542.214592851,19881.6478278874,2,14058.448000262,"cillin","beta-lactam"
"tazobactam","04","bottom",1583525.62680817,60069.5596036776,2,42475.5929386499,NA,"unknown"
"tazobactam","25","bottom",140861.152890178,4163.75777347235,2,2944.2213568405,NA,"unknown"
"tazobactam","29","middle",242655.29848989,1241.50699686812,2,877.878016375995,NA,"unknown"
"tazobactam","29","top",1317207.55135021,8607.45902078882,2,6086.39264238509,NA,"unknown"
"telithromycin","04","bottom",145496.792770028,35662.0896626726,2,25216.9054317585,"telithromycin","macrolide_lincosamide"
"thiabendazole","01","bottom",5765931.65467003,569127.547808199,4,284563.7739041,NA,"unknown"
"thiabendazole","01","middle",5565038.640025,355995.526581363,4,177997.763290681,NA,"unknown"
"thiabendazole","01","top",6082220.48299219,383645.154072657,4,191822.577036329,NA,"unknown"
"thiabendazole","04","bottom",5508381.55219255,150041.361542218,2,106095.264204965,NA,"unknown"
"thiabendazole","08","bottom",5508606.10209326,491941.113577568,2,347854.89735516,NA,"unknown"
"thiabendazole","11","bottom",5334605.59665248,54467.2984275612,2,38514.1960710399,NA,"unknown"
"thiabendazole","15","bottom",5988453.27151952,301618.490973739,2,213276.480298785,NA,"unknown"
"thiabendazole","18","bottom",4231001.67091792,65474.2440876424,2,46297.2819874352,NA,"unknown"
"thiabendazole","22","bottom",1900049.20238687,194942.321047143,2,137845.03715268,NA,"unknown"
"thiabendazole","25","bottom",5298641.22306831,151484.426177114,2,107115.66499399,NA,"unknown"
"thiabendazole","29","bottom",5058409.96748815,273849.13176335,4,136924.565881675,NA,"unknown"
"thiabendazole","29","middle",4586670.05259961,177778.885998453,4,88889.4429992266,NA,"unknown"
"thiabendazole","29","top",4276669.43368087,322711.514108162,4,161355.757054081,NA,"unknown"
"thymol","01","bottom",1194283.49984783,328338.108903467,4,164169.054451734,NA,"unknown"
"thymol","01","middle",1037083.65741003,151699.35070518,2,107267.639585229,NA,"unknown"
"thymol","01","top",967408.284524164,304327.865916817,6,124241.331001056,NA,"unknown"
"thymol","08","bottom",1272416.86646778,309295.465753477,2,218704.921224535,NA,"unknown"
"thymol","25","bottom",601597.608267169,139245.029580674,4,69622.5147903371,NA,"unknown"
"thymol","29","bottom",485611.762664878,83779.3768376788,4,41889.6884188394,NA,"unknown"
"thymol","29","top",1088221.69065318,79099.3896556751,2,55931.7148132449,NA,"unknown"
"toyocamycin","04","bottom",407155.868565431,9168.37005639062,2,6483.0166393015,NA,"unknown"
"trimethoprim","01","bottom",761219.829015235,627241.843959132,6,256070.410503717,"trimethoprim","sulfonamide_trimethoprim"
"trimethoprim","01","middle",957811.689450926,67851.1389495302,2,47978.0004624435,"trimethoprim","sulfonamide_trimethoprim"
"trimethoprim","01","top",1838198.57426446,1030245.2093049,4,515122.604652449,"trimethoprim","sulfonamide_trimethoprim"
"trimethoprim","04","bottom",227833.655398436,24467.7365342712,2,17301.302423669,"trimethoprim","sulfonamide_trimethoprim"
"trimethoprim","08","bottom",258214.031367613,7000.03891351122,2,4949.7749843135,"trimethoprim","sulfonamide_trimethoprim"
"trimethoprim","11","bottom",549395.566195176,13787.0213692733,2,9748.89630257699,"trimethoprim","sulfonamide_trimethoprim"
"trimethoprim","15","bottom",1370167.15269263,98830.0490585573,2,69883.397874305,"trimethoprim","sulfonamide_trimethoprim"
"trimethoprim","18","bottom",262708.831881009,6314.26766987982,2,4464.861487599,"trimethoprim","sulfonamide_trimethoprim"
"trimethoprim","25","bottom",115904.274536429,11969.0599114608,2,8463.403427822,"trimethoprim","sulfonamide_trimethoprim"
"trimethoprim","29","bottom",268951.141157572,182292.193595584,4,91146.0967977918,"trimethoprim","sulfonamide_trimethoprim"
"trimethoprim","29","top",210021.183959655,39222.733028812,4,19611.366514406,"trimethoprim","sulfonamide_trimethoprim"
"trospectomycin","11","bottom",339617.677265845,26648.8296857172,2,18843.568181456,NA,"unknown"
"trospectomycin","25","bottom",403142.988294701,11224.7520545494,2,7937.09829490952,NA,"unknown"
"trospectomycin","29","middle",308633.480032061,139025.63936231,2,98305.9723518845,NA,"unknown"
"trovafloxacin","01","middle",1036116.1391394,18994.1282598896,2,13430.876895295,"floxacin","quinolone"
"trovafloxacin","01","middle",1036116.1391394,18994.1282598896,2,13430.876895295,"trovafloxacin","quinolone"
"trovafloxacin","18","bottom",311884.694630082,61437.4021429707,2,43442.8036737795,"floxacin","quinolone"
"trovafloxacin","18","bottom",311884.694630082,61437.4021429707,2,43442.8036737795,"trovafloxacin","quinolone"
"trovafloxacin","22","bottom",912947.254618295,99920.2773751375,2,70654.3057100005,"floxacin","quinolone"
"trovafloxacin","22","bottom",912947.254618295,99920.2773751375,2,70654.3057100005,"trovafloxacin","quinolone"
"trovafloxacin","29","middle",1745220.25995671,1157828.55175034,4,578914.27587517,"floxacin","quinolone"
"trovafloxacin","29","middle",1745220.25995671,1157828.55175034,4,578914.27587517,"trovafloxacin","quinolone"
"tuberin","01","bottom",649933.878875302,62221.4885020537,2,43997.236455323,NA,"unknown"
"tuberin","01","middle",1134577.52034817,25129.9177690775,2,17769.535265175,NA,"unknown"
"tuberin","11","bottom",558366.075886224,84000.9295135005,4,42000.4647567502,NA,"unknown"
"tuberin","15","bottom",3877853.34356778,46393.7656845925,2,32805.3463203551,NA,"unknown"
"tuberin","18","bottom",715067.208139973,464518.913856255,2,328464.473977168,NA,"unknown"
"xenysalate","01","top",2685563.14532443,116440.776883241,2,82336.0629407698,NA,"unknown"
"xenysalate","08","bottom",155154.46639756,14783.4247566694,2,10453.459894602,NA,"unknown"
"xenysalate","25","bottom",190848.487560728,44765.037190652,2,31653.661357578,NA,"unknown"
"xenysalate","29","top",584505.044716008,76470.4934604738,2,54072.8044865825,NA,"unknown"
"xibornol","01","bottom",8754071.6971554,5389426.42060736,6,2200224.12279373,NA,"unknown"
"xibornol","01","middle",9682588.00366832,5304097.44216341,6,2165388.71321696,NA,"unknown"
"xibornol","01","top",9063847.76870866,5763246.89584108,8,2037615.48085077,NA,"unknown"
"xibornol","04","bottom",5881959.05267301,474685.807871497,2,335653.55367895,NA,"unknown"
"xibornol","08","bottom",7755384.06219305,4971345.94951947,4,2485672.97475973,NA,"unknown"
"xibornol","11","bottom",7926272.4296078,5781522.15654666,4,2890761.07827333,NA,"unknown"
"xibornol","15","bottom",8810365.8435115,2545755.73165137,2,1800121.1410952,NA,"unknown"
"xibornol","18","bottom",8907236.12406798,1016897.13225045,2,719054.85798345,NA,"unknown"
"xibornol","22","bottom",5679789.86303627,456062.981816516,2,322485.227090615,NA,"unknown"
"xibornol","25","bottom",15531192.870458,273947.061740588,2,193709.8250429,NA,"unknown"
"xibornol","29","bottom",11577898.9023141,9426875.65939752,8,3332903.85208119,NA,"unknown"
"xibornol","29","middle",8220639.84592947,2586149.65511006,4,1293074.82755503,NA,"unknown"
"xibornol","29","top",8715188.39625002,4611218.10576908,6,1882521.90863624,NA,"unknown"
"xyloylsulfamine","01","middle",113854.265363692,14521.6855137061,2,10268.382301,"sulf","sulfonamide_trimethoprim"
